label,url
medical,https://www.bmj.com/content/371/bmj.m3000
medical,https://www.bmj.com/content/371/bmj.m3089
medical,https://www.bmj.com/content/371/bmj.m4450
medical,https://www.bmj.com/content/371/bmj.m4288
medical,https://www.bmj.com/content/371/bmj.m4451
medical,https://www.medsci.org/v17p0001.htm
medical,https://www.medsci.org/v17p0013.htm
medical,https://www.medsci.org/v17p0021.htm
medical,https://www.medsci.org/v17p0033.htm
medical,https://www.jci.org/articles/view/143120
medical,https://www.jci.org/articles/view/139682
medical,https://www.jci.org/articles/view/141777
medical,https://www.jci.org/articles/view/141206
entertainment,https://abcnews.go.com/Entertainment/wireStory/universal-cinemark-agree-shorten-theatrical-window-74240886
entertainment,https://abcnews.go.com/Entertainment/wireStory/beloved-arts-facility-poets-house-suspends-operations-74240806
entertainment,https://abcnews.go.com/Entertainment/wireStory/study-suggests-video-games-mental-health-74231142
entertainment,https://abcnews.go.com/Entertainment/wireStory/david-copperfield-halts-vegas-show-staffer-virus-74238177
entertainment,https://abcnews.go.com/Entertainment/wireStory/family-comedian-sinbad-recovering-recent-stroke-74234037
entertainment,https://abcnews.go.com/Entertainment/wireStory/police-man-accused-punching-rick-moranis-attacked-74235991
entertainment,https://abcnews.go.com/Entertainment/wireStory/hollywood-stars-complete-takeover-welsh-club-wrexham-74232221
entertainment,https://abcnews.go.com/Entertainment/wireStory/half-property-brothers-praises-solar-doc-74234449
entertainment,https://abcnews.go.com/Entertainment/wireStory/donnie-wahlberg-leaves-2020-tip-inspire-giving-74233792
entertainment,https://abcnews.go.com/Entertainment/wireStory/rapper-benny-butcher-shot-robbery-attempt-houston-74227844
entertainment,https://abcnews.go.com/Entertainment/wireStory/venezuelan-olympian-delivers-food-support-family-74230613
politics,https://www.cnn.com/2020/11/16/politics/esper-memo-troop-withdrawal/index.html
politics,https://www.cnn.com/2020/11/16/politics/lawmakers-members-covid-19-congress/index.html
politics,https://www.cnn.com/2020/11/16/politics/wisconsin-recount-estimated-cost/index.html
politics,https://www.cnn.com/2020/11/16/politics/democratic-leaders-trump-transition-reaction/index.html
politics,https://www.cnn.com/2020/11/16/politics/biden-economic-speech/index.html
politics,https://www.cnn.com/2020/11/16/politics/karl-rove-georgia-senate-race-fundraising/index.html
politics,https://www.cnn.com/2020/11/16/politics/robert-obrien-biden-transition/index.html
politics,https://www.cnn.com/2020/11/16/politics/lawsuits-michigan-pennsylvania-wisconsin-georgia/index.html
politics,https://www.cnn.com/2020/11/16/politics/larry-hogan-trump-republicans/index.html
politics,https://www.cnn.com/2020/11/13/politics/joe-biden-wins-georgia/index.html
politics,https://www.cnn.com/2020/11/12/politics/transition-pentagon-chaos-intelligence-national-security-threat/index.html
politics,https://www.cnn.com/2020/11/13/politics/hovland-trump-election-claims/index.html
politics,https://www.cnn.com/2020/11/08/politics/george-w-bush-congratulates-biden/index.html
politics,https://www.cnn.com/2020/11/06/politics/us-election-process-success/index.html
politics,https://www.cnn.com/2020/11/09/politics/biden-dogs-champ-major-white-house-pets/index.html
politics,https://www.cnn.com/2020/11/12/politics/department-of-justice-alex-acosta-epstein/index.html
politics,https://www.foxnews.com/politics/durham-special-counsel-russia-interim-report-ratcliffe-democrats
politics,https://www.foxnews.com/politics/brennan-durham-probe-steele-dossier-fox-news-sunday
politics,https://www.foxnews.com/politics/vernon-jones-georgia-senate-races-communism
politics,https://www.foxnews.com/politics/loeffler-and-warnock-to-face-off-in-key-georgia-senate-debate-with-control-of-upper-chamber-on-the-line
politics,https://www.foxnews.com/politics/karen-bass-california-senate-kamala-harris-replacement-african-american-woman
politics,https://www.foxnews.com/politics/trump-legal-team-michigan-antrim-county-judge-order-dominion-machines
politics,https://www.foxnews.com/politics/trump-georgia-rally-saturday-dec-5-gop
politics,https://www.foxnews.com/politics/illinois-marie-newman-socialism-tag-gop
politics,https://www.foxnews.com/politics/house-republicans-voted-decriminalize-weed-gop-senate
politics,https://www.foxnews.com/politics/love-socialism-caucus-emerges-in-britain
politics,https://www.foxnews.com/politics/appeals-court-rules-for-trump-taking-military-money-for-wall
politics,https://www.foxnews.com/politics/los-angeles-would-lose-nearly-1000-police-jobs-under-budget-proposal
politics,https://www.foxnews.com/politics/giuliani-gop-legislators-let-down-trump
politics,https://www.foxnews.com/politics/rep-mo-brooks-challenge-electoral-college-results
politics,https://www.foxnews.com/politics/federal-court-restores-daca-program-orders-dhs-to-begin-accepting-new-applicants
politics,https://www.foxnews.com/politics/democratic-nj-governor-tells-matt-gaetz-hes-not-welcome-in-state
politics,https://abcnews.go.com/Politics/race-cement-legacy-trump-pushes-dozens-midnight-regulations/story?id=74507203
politics,https://abcnews.go.com/Politics/pro-trump-election-lawsuit-significantly-hinder-preparations-georgia/story?id=74542114
politics,https://abcnews.go.com/Politics/trump-mounts-legal-challenge-election-georgia/story?id=74548886
politics,https://abcnews.go.com/Politics/wireStory/pressure-mounts-biden-make-diverse-picks-top-posts-74552585
politics,https://abcnews.go.com/Politics/congress-vote-decriminalize-marijuana-explained/story?id=74542395
politics,https://abcnews.go.com/Politics/house-republicans-mount-ditch-effort-contest-election-results/story?id=74519816
politics,https://abcnews.go.com/Politics/trump-pence-campaign-georgia-senate-runoff-turnout-concerns/story?id=74524408
politics,https://abcnews.go.com/Politics/house-historic-vote-federally-decriminalizing-marijuana/story?id=74521976
politics,https://abcnews.go.com/US/federal-probe-alleged-bribery-pardon-scheme-involved-now/story?id=74530896
politics,https://abcnews.go.com/Politics/weve-found-systemic-fraud-overturn-election-georgia-secretary/story?id=74560956
politics,https://abcnews.go.com/Politics/braun-legal-process-play-doubts-election-linger/story?id=74558937
politics,https://abcnews.go.com/Politics/trump-orders-us-troops-somalia/story?id=74546220
politics,https://abcnews.go.com/Politics/record-gain-women-congress-highlights-lack-diversity-republicans/story?id=74023373
politics,https://abcnews.go.com/Politics/lawyers-pushing-trump-election-challenges-calls-sanctions-mount/story?id=74544823
politics,https://abcnews.go.com/Politics/election-2020-trump-campaign-election-lawsuits-stand/story?id=74041748
sports,https://sports.yahoo.com/acc-shuffles-schedule-as-miami-wont-play-its-next-two-games-because-of-covid-19-230126485.html
sports,https://sports.yahoo.com/report-saints-qb-drew-brees-has-rib-fractures-collapsed-lung-194922145.html
sports,https://sports.yahoo.com/nba-mock-draft-70-edwards-no-1-trade-options-for-lottery-teams-183011752.html
sports,https://sports.yahoo.com/ncaas-plan-to-pack-march-madness-into-one-state-makes-sense-192806588.html
sports,https://sports.yahoo.com/mark-buehrle-torii-hunter-tim-hudson-among-new-names-on-2021-mlb-hall-of-fame-ballot-174254345.html
sports,https://sports.yahoo.com/bill-belichick-furious-referee-week-224552097.html
sports,https://sports.yahoo.com/cam-newton-had-great-interaction-060509609.html
sports,https://sports.yahoo.com/thrilling-win-helps-cardinals-deal-quick-turnaround-212656380--nfl.html
sports,https://sports.yahoo.com/much-money-golfer-won-2020-222054758.html
sports,https://sports.yahoo.com/colin-kaepernick-peaceful-protest-police-brutality-001810051.html
sports,https://sports.yahoo.com/prohockeytalk-2020-nhl-free-agency-151256171.html
sports,https://sports.yahoo.com/replacements-for-harbaugh-penn-states-woes-moving-the-playoff-214459967.html
sports,https://sports.yahoo.com/three-second-knockout-bare-knuckle-fighting-192016189.html
sports,https://sports.yahoo.com/winners-losers-patriots-gutsy-upset-042159259.html
sports,https://sports.yahoo.com/max-homa-saw-fred-couples-214238166.html
sports,https://sports.yahoo.com/cam-newton-shares-awesome-quote-160548673.html
sports,https://sports.yahoo.com/kansas-city-chiefs-andy-reid-upset-las-vegas-raiders-jon-gruden-victory-lap-arrowhead-stadium-224325115.html
sports,https://www.foxnews.com/sports/mike-tyson-jake-paul-youtube-stars-boxing-interest
sports,https://www.foxnews.com/sports/eagles-lane-johnson-season-ending-ankle-injury
sports,https://www.foxnews.com/sports/boston-celtics-star-tristan-thompson-becomes-us-citizen
sports,https://www.foxnews.com/sports/chris-bosh-lebron-james-leaving-the-heat
sports,https://www.foxnews.com/sports/nets-steve-nash-hopeful-contend-nba-title
sports,https://www.foxnews.com/sports/panthers-hire-peterson-nhls-first-black-assistant-gm
sports,https://www.foxnews.com/sports/kim-ng-latest-breakthrough-women-male-dominated-professional-sports
sports,https://www.foxnews.com/sports/interim-tag-off-bowness-month-after-stars-play-in-cup-final
sports,https://www.foxnews.com/sports/conor-mcgregor-appears-opponent-ufc-257
sports,https://www.foxnews.com/sports/ufc-mark-coleman-suffered-heart-attack-recovering-hospital
sports,https://abcnews.go.com/Sports/mike-tyson-54-vows-fight-bout-roy-jones/story?id=74444960
sports,https://abcnews.go.com/Sports/buffalo-bills-line-suffers-hit-cody-ford-lost/story?id=74429307
sports,https://abcnews.go.com/Sports/miami-dolphins-qb-tua-tagovailoa-questionable-thumb-injury/story?id=74431816
sports,https://www.si.com/nfl/2020/11/28/lions-fire-patricia-quinn-broken-franchise
sports,https://www.si.com/mlb/2020/11/24/chicago-cubs-kris-bryant-trade
sports,https://www.si.com/mlb/2020/11/24/charlie-morton-braves-contract-one-year-15-million-mlb-free-agency
sports,https://www.si.com/mlb/2020/11/24/mlb-rumors-tampa-bay-blake-snell-trade
sports,https://www.si.com/nba/2020/11/25/bogdan-bogdanovic-hawks-contract-grade
sports,https://www.si.com/nba/2020/11/24/bam-adebayo-five-year-contract-extension-miami-heat
sports,https://www.si.com/nba/2020/11/23/matthew-dellavedova-to-return-to-cleveland
sports,https://www.si.com/soccer/2020/11/21/orlando-city-earns-playoff-win-after-wild-penalty-shootout
sports,https://sports.yahoo.com/twitter-reacts-mitchell-trubisky-being-203829735.html
sports,https://sports.yahoo.com/jake-paul-and-nate-robinsons-boxing-match-had-the-sports-world-laughing-uncontrollably-053057405.html
sports,https://sports.yahoo.com/nfl-bears-mitchell-trubisky-start-vs-packers-nick-foles-injury-202152774.html
sports,https://sports.yahoo.com/phil-mickelson-gifted-charles-barkley-golf-balls-with-shaqs-face-on-them-during-the-match-161148565.html
sports,https://sports.yahoo.com/theres-no-one-reason-michigan-204648717.html
sports,https://sports.yahoo.com/report-lakers-clippers-among-four-023018126.html
sports,https://sports.yahoo.com/joe-joyce-only-winner-strange-134041693.html
entertainment,https://www.eonline.com/news/1215683/see-how-patrick-mahomes-fiancee-brittany-matthews-celebrated-her-baby-shower
sports,https://bleacherreport.com/articles/2921089-the-race-for-fourth-ohio-state-texas-am-and-the-rest-of-the-cfp-contenders
entertainment,https://www.eonline.com/news/1215628/nikki-bellas-baby-boy-matteo-and-his-hair-steals-the-show-in-family-christmas-card-shoot
entertainment,https://www.eonline.com/news/1215410/selena-quintanillas-husband-chris-perez-reacts-to-netflix-series
entertainment,https://www.eonline.com/news/1215660/paris-hilton-shares-heartwarming-tribute-to-celebrate-her-first-anniversary-with-boyfriend-carter-reum
entertainment,https://www.eonline.com/news/1215659/victoria-monet-announces-shes-expecting-her-first-child-with-a-stunning-pregnancy-reveal
entertainment,https://www.eonline.com/news/1215605/miley-cyrus-reveals-how-hannah-montana-impacted-her-life-good-and-bad
entertainment,https://www.eonline.com/news/1215581/barack-obama-boasts-that-this-rihanna-song-is-a-jam-he-can-sing-perfectly
entertainment,https://www.eonline.com/news/1215137/why-greys-anatomy-brought-back-t-r-knight-as-george
entertainment,https://www.cnn.com/2020/12/04/entertainment/your-honor-review/index.html
entertainment,https://www.cnn.com/2020/12/04/entertainment/star-wars-animation-column/index.html
entertainment,https://www.cnn.com/2020/12/04/entertainment/mariah-carey-christmas-special/index.html
entertainment,https://www.cnn.com/2020/12/05/entertainment/lgbtq-holiday-movies-trnd/index.html
entertainment,https://www.cnn.com/2020/12/04/entertainment/saturday-night-live-jason-bateman/index.html
entertainment,https://www.cnn.com/2020/12/04/entertainment/tyra-banks-ken-jennings-tv-hosts-plc/index.html
entertainment,https://www.cnn.com/2020/12/03/entertainment/blackpink-concert-trnd/index.html
entertainment,https://www.cnn.com/2020/12/03/entertainment/the-godfather-coda/index.html
entertainment,https://www.cnn.com/2020/12/02/entertainment/drake-candle/index.html
entertainment,https://www.cnn.com/2020/12/01/entertainment/bad-bunny-streams-trnd/index.html
entertainment,https://www.cnn.com/2020/12/01/entertainment/elliot-page-trnd/index.html
entertainment,https://www.cnn.com/2020/11/19/entertainment/holiday-movies-christmas-specials-to-watch/index.html
entertainment,https://www.cnn.com/2020/12/01/entertainment/barack-obama-dolly-parton/index.html
entertainment,https://www.cnn.com/2020/11/30/entertainment/george-clooney-haircut-scli-intl/index.html
entertainment,https://www.cnn.com/2020/12/01/entertainment/hugh-grant-the-undoing-trnd/index.html
entertainment,https://www.yahoo.com/entertainment/singer-jeremih-hospitalized-icu-following-220816647.html
entertainment,https://www.yahoo.com/entertainment/krystal-nielson-says-scary-finding-190051367.html
entertainment,https://www.yahoo.com/entertainment/ana-armas-moves-boyfriend-ben-173510606.html
entertainment,https://www.yahoo.com/entertainment/saint-turns-5-kim-kardashian-161513201.html
entertainment,https://www.yahoo.com/entertainment/jewel-wrote-letter-tony-hsieh-144516595.html
entertainment,https://www.yahoo.com/entertainment/katy-perry-says-sleep-challenge-014016195.html
entertainment,https://www.yahoo.com/entertainment/bad-girls-club-star-whitney-001422697.html
entertainment,https://www.yahoo.com/entertainment/queen-latifah-honors-mom-shines-234003522.html
entertainment,https://www.yahoo.com/entertainment/walker-first-look-jared-padalecki-233550830.html
entertainment,https://www.yahoo.com/entertainment/chadwick-boseman-receive-mtv-hero-232715270.html
entertainment,https://www.yahoo.com/entertainment/die-hard-isnt-a-christmas-movie-jan-de-bont-185602423.html
entertainment,https://www.yahoo.com/entertainment/hollywood-pays-tribute-to-laverne-shirley-star-david-lander-rip-squiggy-000319705.html
entertainment,https://www.yahoo.com/entertainment/matthew-perry-announces-limited-edition-000100346.html
entertainment,https://www.yahoo.com/entertainment/80s-pop-star-tiffany-releases-220028937.html
entertainment,https://www.yahoo.com/entertainment/sienna-miller-says-exfiance-jude-laws-nanny-affair-was-really-hard-215219607.html
entertainment,https://www.foxnews.com/entertainment/noah-cyrus-apologizes-racist-term
entertainment,https://www.foxnews.com/entertainment/matthew-perry-friends-clothing-line-benefit-covid-relief
entertainment,https://www.foxnews.com/entertainment/jax-taylor-brittany-cartwright-not-returning-vanderpump-rules
entertainment,https://www.foxnews.com/entertainment/justin-bieber-hailey-baldwin-slam-troll-support-team-selena-gomez-comments
entertainment,https://www.foxnews.com/entertainment/james-stewarts-daughter-shares-beloved-holiday-memory-with-its-a-wonderful-life-star
entertainment,https://www.foxnews.com/entertainment/dirty-jobs-star-mike-rowe-streaming-six-degrees-with-mike-rowe
entertainment,https://www.foxnews.com/entertainment/tiger-king-jeff-lowe-speaks-out-usda-lawsuit
entertainment,https://www.foxnews.com/entertainment/teyana-taylor-announces-retirement-music
entertainment,https://www.foxnews.com/entertainment/wwe-lacey-evans-marines-saved-my-life
entertainment,https://www.foxnews.com/entertainment/oscar-isaac-star-videogame-icon-solid-snake-metal-gear-solid-report
entertainment,https://www.foxnews.com/entertainment/chip-joanna-gaines-reboot-fixer-upper-debut-discovery-plus
entertainment,https://www.foxnews.com/entertainment/hugh-grant-renee-zellweger-few-co-stars-fallen-out-with-praises-nicole-kidman
entertainment,https://www.foxnews.com/entertainment/youtube-gabi-demartino-apologizes-second-time-onlyfans
entertainment,https://www.foxnews.com/entertainment/gwen-stefani-blake-shelton-married-next-year
entertainment,https://www.foxnews.com/entertainment/gwen-stefani-blake-shelton-married-next-year
entertainment,https://www.foxnews.com/entertainment/wheel-of-fortune-fans-concerned-pat-sajak-feisty-behavior-hates-job
entertainment,https://www.foxnews.com/entertainment/letitia-wright-criticized-anti-vaxxer-tweet
medical,https://www.cnn.com/2020/12/05/health/first-covid-vaccine-shipments-inadequate/index.html
medical,https://www.cnn.com/2020/12/05/health/head-injuries-us-diplomats-government-study/index.html
medical,https://www.cnn.com/2020/12/04/health/most-americans-know-covid-patient-wellness-trnd/index.html
medical,https://www.cnn.com/2020/12/04/health/strawberry-flavored-pediatric-hiv-drug-trnd/index.html
medical,https://www.cnn.com/2020/10/01/health/coronavirus-addiction-recovery-home-workouts-cnnheroes/index.html
medical,https://www.cnn.com/2020/12/04/health/holiday-quarantine-dr-leana-wen-wellness/index.html
medical,https://www.cnn.com/2020/12/03/health/dementia-study-financial-symptoms-wellness-trnd/index.html
medical,https://www.cnn.com/2017/09/18/health/opioid-crisis-fast-facts/index.html
medical,https://www.cnn.com/2020/12/02/health/artificial-pain-sensing-skin-spc-intl/index.html
medical,https://www.cnn.com/2020/12/02/health/un-reclassifies-cannabis-scn-trnd/index.html
medical,https://www.cnn.com/2020/12/05/us/elementary-school-teacher-donated-kidney-to-custodian-trnd/index.html
business,https://www.cnn.com/2020/12/02/business/black-women-startup-business-funding/index.html
business,https://www.cnn.com/2020/12/02/tech/silicon-valley-hpe-to-texas/index.html
business,https://www.cnn.com/2020/12/04/tech/google-timnit-gebru-ai-ethics-leaves/index.html
business,https://www.cnn.com/2020/12/04/tech/tiktok-deadline/index.html
business,https://www.cnn.com/2020/12/03/business/charli-damelio-banking-app/index.html
business,https://www.cnn.com/2020/12/04/investing/tesla-short-sellers-elon-musk/index.html
business,https://www.cnn.com/2020/12/03/tech/autox-robotaxi-china-intl-hnk/index.html
business,https://www.cnn.com/2020/12/03/success/mortgage-rates-record-low-freddie-mac/index.html
business,https://www.cnn.com/2020/11/27/business/food-climate-label-carbon-footprint-spc-intl/index.html
business,https://www.cnn.com/2020/11/14/business/unilever-ice-cream/index.html
business,https://www.cnn.com/2020/12/04/economy/unemployment-jobs-stimulus/index.html
business,https://finance.yahoo.com/news/cramer-weighs-blackberry-paypal-more-152418395.html
business,https://finance.yahoo.com/news/analyst-heres-why-warner-bros-hbo-max-bombshell-wont-be-the-death-knell-for-movies-195215551.html
business,https://finance.yahoo.com/news/2021-aston-martin-dbx-why-this-suv-is-a-true-aston-martin-171140761.html
business,https://finance.yahoo.com/m/ea092d1d-ac8b-3802-abd3-85f636b60fed/abu-dhabi%E2%80%99s-230-billion-man.html
business,https://finance.yahoo.com/news/mystery-surrounds-7-billion-outflow-140153460.html
business,https://finance.yahoo.com/news/rick-santelli-blows-andrew-ross-180707084.html
business,https://finance.yahoo.com/m/f1d7aa16-4f31-3161-87ee-0a7e705a3cdf/disadvantages-of-roth-iras.html
business,https://finance.yahoo.com/news/alibaba-stock-correction-offers-opportunity-150836305.html
business,https://finance.yahoo.com/m/8f112c2a-77f9-320a-9b20-eeb500ecde33/where%E2%80%99s-the-stock-market.html
business,https://finance.yahoo.com/news/3-monster-growth-stocks-still-152334899.html
business,https://finance.yahoo.com/news/homeowners-face-new-fee-when-refinancing-213221281.html
business,https://finance.yahoo.com/news/could-last-chance-switchback-energy-123835232.html
business,https://finance.yahoo.com/news/general-electric-analyst-lifts-price-202222213.html
business,https://finance.yahoo.com/m/fedf311b-7538-394b-9515-f2661a24ebb2/this-25-year-old-is-now-a.html
business,https://finance.yahoo.com/m/67a1d755-443b-3e54-92a5-1a37db4282d7/airbnb%E2%80%99s-ipo-will-be-hot-why.html
business,https://www.foxbusiness.com/technology/samsung-electronics-to-halt-production-at-its-last-computer-factory-in-china
business,https://www.foxbusiness.com/lifestyle/cash-strapped-airlines-offer-up-air-miles-to-small-businesses-nonprofits
business,https://www.foxbusiness.com/lifestyle/zappos-tony-hsiehs-estate-massive-fortune
business,https://www.foxbusiness.com/lifestyle/kia-recalling-295000-vehicles-due-to-risk-of-engine-fires
business,https://www.foxbusiness.com/markets/barnes-nobles-new-boss-tries-to-save-the-chain-and-traditional-bookselling
business,https://www.foxbusiness.com/economy/first-time-gun-buyers-notch-projected-to-top-8m-smith-wesson
business,https://www.foxbusiness.com/lifestyle/doordash-partners-jimmy-johns-delivery-drivers
business,https://www.foxbusiness.com/money/expect-cheap-energy-winter
business,https://www.foxbusiness.com/markets/cheesecake-factory-settles-sec-claims-of-misleading-investors-on-coronavirus-fallout
business,https://www.foxbusiness.com/markets/pot-stocks-turn-negative-as-house-passes-legalization-bill
business,https://www.foxnews.com/us/atlanta-manuels-restaurant-facing-closure-covid-19
business,https://www.foxbusiness.com/lifestyle/pandemic-induced-furniture-shortage-drives-up-demand-for-pre-furnished-homes
business,https://www.foxbusiness.com/money/devos-suspends-student-federal-loan-payments-through-january
business,https://www.foxbusiness.com/money/high-yield-savings-account-reasons-to-open
business,https://www.foxbusiness.com/lifestyle/stevie-nicks-in-100m-publishing-rights-deal-with-primary-wave-music
business,https://www.foxbusiness.com/real-estate/olympic-snowboarder-shaun-white-sells-8-million-malibu-compound
business,https://www.foxbusiness.com/economy/iowa-whiskey-distilled-to-help-suffering-restaurant-community-amid-coronavirus
business,https://abcnews.go.com/Business/buzzing-bees-solar-panels-inside-bentleys-green-shift/story?id=72865150
business,https://abcnews.go.com/Business/nasa-pay-firm-moon-sample/story?id=74540402
business,https://abcnews.go.com/Business/nasdaq-unveils-push-mandate-diversity-corporate-boardrooms/story?id=74479235
business,https://abcnews.go.com/Business/justice-department-alleges-facebook-discriminated-american-workers-lawsuit/story?id=74523040
business,https://abcnews.go.com/Business/wireStory/us-trade-deficit-rises-17-631-billion-october-74537787
business,https://abcnews.go.com/Business/wireStory/shopping-stores-safe-pandemic-74475099
business,https://abcnews.go.com/Business/wireStory/ditch-post-brexit-talks-resume-eu-uk-74567872
business,https://abcnews.go.com/Business/wireStory/promise-us-adopting-covid-19-exposure-apps-74569681
business,https://abcnews.go.com/Business/wireStory/bleak-outlook-millions-facing-cutoff-us-jobless-aid-74556907
business,https://abcnews.go.com/Business/wireStory/pope-updates-vatican-financial-authority-scandals-74554846
business,https://abcnews.go.com/Business/wireStory/kia-recalling-295000-vehicles-due-risk-engine-fires-74555661
business,https://abcnews.go.com/Business/wireStory/google-ai-researchers-exit-sparks-ethics-bias-concerns-74547026
business,https://abcnews.go.com/Business/wireStory/major-us-stock-indexes-fared-friday-74547154
business,https://abcnews.go.com/Business/wireStory/closing-prices-crude-oil-gold-commodities-74545048
business,https://abcnews.go.com/Business/wireStory/cheesecake-factory-settles-sec-false-filings-74540597
business,https://abcnews.go.com/Business/wireStory/norways-deputy-central-bank-chief-resigns-china-ties-74538784
business,https://abcnews.go.com/Business/unemployment-rate-dips-67-employers-add-245000-jobs/story?id=74520148
business,https://abcnews.go.com/Business/wireStory/fishing-holds-key-brexit-trade-deal-talks-drag-74535675
business,https://abcnews.go.com/Business/wireStory/denmark-end-oil-gas-extraction-north-sea-74535324
business,https://abcnews.go.com/Business/wireStory/asian-shares-advance-optimism-vaccines-stimulus-74517083
business,https://abcnews.go.com/Business/wireStory/automakers-prep-stronger-mileage-standards-biden-74521125
business,https://abcnews.go.com/Business/wireStory/southwest-warns-7000-workers-furloughs-74529560
business,https://abcnews.go.com/Business/wireStory/senate-confirms-christopher-waller-serve-feds-board-74522207
business,https://abcnews.go.com/Business/wireStory/govt-accuses-facebook-discriminating-us-workers-74523120
business,https://abcnews.go.com/Business/wireStory/ryanair-boeing-boost-ordering-75-max-jets-74519550
sports,https://bleacherreport.com/articles/2920817-bleacher-reports-expert-consensus-week-13-nfl-picks
sports,https://bleacherreport.com/articles/2921109-report-shane-beamer-expected-to-be-named-south-carolina-head-coach
sports,https://bleacherreport.com/articles/2920800-nfl-head-coaches-who-could-get-the-ax-next-after-lions-firing-of-matt-patricia
sports,https://bleacherreport.com/articles/2921089-the-race-for-fourth-ohio-state-texas-am-and-the-rest-of-the-cfp-contenders
sports,https://bleacherreport.com/articles/2920946-russell-westbrook-isnt-going-to-change-now
sports,https://bleacherreport.com/articles/2920969-nets-kyrie-irving-releases-statement-to-ensure-message-is-conveyed-properly
sports,https://bleacherreport.com/articles/2841365-anthony-davis-lakers-finalizing-5-year-190m-max-contract-in-2020-free-agency
sports,https://bleacherreport.com/articles/2920778-can-james-harden-and-john-wall-thrive-together-in-houston
sports,https://bleacherreport.com/articles/2920918-ranking-the-chances-for-every-mlb-team-to-land-jackie-bradley-jr-in-free-agency
sports,https://bleacherreport.com/articles/2921154-bryce-harper-rumors-no-indication-phillies-will-trade-rf-amid-money-concerns
sports,https://bleacherreport.com/articles/2920868-ranking-the-best-mlb-offseason-trades-since-2000
sports,https://bleacherreport.com/articles/2920832-ranking-the-chances-for-every-mlb-team-to-land-kyle-schwarber-in-free-agency
sports,https://bleacherreport.com/articles/2920827-report-bruins-kings-penguins-ducks-more-considering-multiple-outdoor-games
sports,https://bleacherreport.com/articles/2920727-ranking-every-nhl-teams-reverse-retro-jerseys-from-worst-to-best
sports,https://bleacherreport.com/articles/2920624-evander-kane-on-logan-pauls-fight-comments-ill-wipe-the-floor-with-you
sports,https://www.cnn.com/2020/12/03/sport/lebron-james-contract-extension-westbrook-trade-spt-intl/index.html
sports,https://www.cnn.com/2020/12/03/us/nfl-lowes-christmas-trees-trnd/index.html
sports,https://www.cnn.com/2020/11/30/sport/tom-brady-super-bowl-patrick-mahomes-nfl-spt-intl/index.html
sports,https://www.cnn.com/2020/11/22/tennis/dominic-thiem-daniil-medvedev-atp-finals-spt-intl/index.html
sports,https://www.cnn.com/2020/11/19/tennis/rafael-nadal-stefanos-tsitsipas-atp-finals-spt-intl/index.html
sports,https://www.cnn.com/2020/11/18/tennis/novak-djokovic-daniil-medvedev-atp-finals-spt-intl/index.html
sports,https://www.cnn.com/2019/11/23/sport/maher-wins-lgct-prague/index.html
sports,https://www.cnn.com/2020/11/26/golf/the-match-3-phil-mickelson-steph-curry-peyton-manning-charles-barkley-spt-intl/index.html
sports,https://www.cnn.com/2020/11/19/golf/tiger-woods-son-charlie-pnc-championship-spt-intl/index.html
sports,https://www.cnn.com/2020/12/04/motorsport/max-verstappen-romain-grosjean-crash-spt-intl/index.html
politics,https://news.yahoo.com/trumps-final-days-rage-denial-161650930.html
politics,https://www.yahoo.com/news/trump-supporters-primed-disbelieve-defeat-090007023.html
politics,https://www.yahoo.com/news/3-retired-generals-embraced-bizarre-223607842.html
politics,https://www.yahoo.com/news/trump-tactics-overturn-election-could-144828585-173323266.html
politics,https://www.yahoo.com/news/trump-tactics-overturn-election-could-144828585-173323266.html
politics,https://www.yahoo.com/news/brexit-trade-deal-talks-went-210608848.html
politics,https://www.yahoo.com/news/mexican-president-wants-restrict-us-154008831.html
politics,https://www.yahoo.com/huffpost/mellissa-carone-wright-rudy-giuliani-trump-voter-fraud-detroit-michigan-205345888.html
politics,https://www.yahoo.com/news/iowa-democrats-reel-no-good-114558160.html
politics,https://www.yahoo.com/news/trumps-actions-raise-fear-destructive-094719868.html
politics,https://www.yahoo.com/news/trump-plays-role-campaigner-chief-030842399.html
politics,https://www.yahoo.com/news/explainer-does-ap-choose-lawsuits-165105883.html
politics,https://www.yahoo.com/news/native-americans-helped-flip-arizona-201116533.html
politics,https://www.yahoo.com/news/kamala-harris-cusp-power-tread-110058475.html
politics,https://www.yahoo.com/news/kamala-harris-history-first-black-143955086.html
politics,https://www.yahoo.com/news/trump-presses-georgia-governor-help-222017338.html
politics,https://www.yahoo.com/news/donald-trumps-niece-says-cruel-010219283.html
politics,https://www.yahoo.com/news/ve-lost-moral-authority-kinzinger-172855492.html
politics,https://www.yahoo.com/news/trump-withdraw-most-troops-somalia-212117493.html
politics,https://www.nbcnews.com/news/world/trump-s-bold-moves-raise-fear-destructive-final-days-office-n1249842
politics,https://www.nbcnews.com/politics/2020-election/trump-tells-supporters-vote-georgia-runoffs-refuses-accept-reality-his-n1250128
politics,https://www.nbcnews.com/politics/elections/trump-s-false-fraud-claims-are-laying-groundwork-new-voting-n1250059
politics,https://www.nbcnews.com/politics/donald-trump/trump-hasn-t-ruled-out-firing-attorney-general-barr-sources-n1249796
politics,https://www.nbcnews.com/politics/immigration/federal-judge-reinstates-daca-orders-trump-quickly-accept-new-applicants-n1250081
politics,https://www.nbcnews.com/politics/national-security/trump-loyalist-kash-patel-blocking-some-pentagon-officials-helping-biden-n1250053
politics,https://www.nbcnews.com/politics/2020-election/biden-s-inauguration-will-look-unlike-any-other-s-only-n1249759
politics,https://www.nbcnews.com/politics/2020-election/biden-officially-secures-enough-electors-become-president-n1250085
politics,https://www.nbcnews.com/news/latino/what-do-u-s-senate-runoffs-georgia-have-do-puerto-n1250033
politics,https://www.nbcnews.com/politics/2020-election/arizona-republicans-rebuff-trump-s-claim-fraud-call-election-audit-n1250087
politics,https://www.nbcnews.com/news/latino/calls-caravans-cartoons-groups-target-georgia-latinos-ahead-senate-runoffs-n1250077
politics,https://www.nbcnews.com/politics/2020-election/obama-pence-hit-georgia-campaign-trail-court-senate-runoff-voters-n1250029
politics,https://www.nbcnews.com/politics/2020-election/stakes-georgia-races-couldn-t-be-higher-s-why-all-n1248797
politics,https://www.nbcnews.com/politics/2020-election/trump-considers-2024-campaign-kick-inauguration-day-n1249595
politics,https://www.nbcnews.com/politics/donald-trump/president-trump-has-discussed-possibility-pardons-family-members-sources-say-n1249623
politics,https://www.nbcnews.com/politics/white-house/barr-says-no-evidence-widespread-voter-fraud-defying-trump-n1249581
politics,https://www.nbcnews.com/politics/congress/trump-gets-icy-reception-he-tries-influence-final-days-lame-n1249749
politics,https://www.nbcnews.com/news/world/u-s-draw-down-baghdad-embassy-staff-fearing-iran-retaliation-n1249810
politics,https://www.nbcnews.com/politics/donald-trump/ivanka-trump-deposed-tuesday-part-inauguration-fund-lawsuit-n1249801
medical,https://www.nbcnews.com/health/health-news/coronavirus-count-state-day-2020-united-states-n1173421
medical,https://www.nbcnews.com/health/health-news/coronavirus-numbers-new-cases-2020-n1157271
medical,https://www.nbcnews.com/health/sexual-health/how-covid-test-supply-shortages-could-cause-public-health-crisis-n1250036
medical,https://www.nbcnews.com/politics/congress/congress-takes-historic-bill-decriminalize-cannabis-n1249905
medical,https://www.nbcnews.com/politics/politics-news/after-first-round-vaccine-distributions-bulk-planning-remains-unfinished-n1249848
medical,https://www.nbcnews.com/news/us-news/covid-testing-only-getting-harder-come-s-serious-problem-n1249956
medical,https://www.nbcnews.com/news/world/fauci-apologizes-suggesting-u-k-rushed-vaccine-n1249976
medical,https://www.nbcnews.com/science/science-news/scientists-describe-chaos-being-stuck-field-amid-coronavirus-lockdowns-n1175996
medical,https://www.nbcnews.com/health/health-news/doctors-warn-about-eye-damage-uv-lights-kill-coronavirus-n1249009
medical,https://www.nbcnews.com/politics/politics-news/biden-meet-operation-warp-speed-chief-vaccine-adviser-moncef-slaoui-n1250149
medical,https://www.nbcnews.com/news/us-news/spring-break-cancellations-spark-mental-health-concerns-college-students-n1250064
business,https://www.nbcnews.com/business/energy/why-demand-oil-may-never-again-reach-pre-pandemic-levels-n1249859
business,https://www.nbcnews.com/business/business-news/vaccine-news-fuels-return-lavish-weddings-couples-hope-say-i-n1243385
business,https://www.nbcnews.com/business/consumer/buy-now-pay-later-layaway-apps-see-triple-digit-growth-n1249751
business,https://www.nbcnews.com/news/nbcblk/pharrell-williams-launches-black-ambition-non-profit-initiative-n1249713
business,https://www.nbcnews.com/business/business-news/release-ppp-loan-recipients-data-reveals-troubling-patterns-n1249629
business,https://www.nbcnews.com/business/economy/secretary-mnuchin-takes-heat-senate-hearing-winding-down-emergency-lending-n1249576
business,https://www.nbcnews.com/business/economy/biden-economic-picks-shows-early-shape-administration-s-pandemic-agenda-n1249503
business,https://www.nbcnews.com/business/markets/nasdaq-proposes-diversity-requirements-all-companies-listed-its-exchange-n1249511
business,https://www.nbcnews.com/business/business-news/small-businesses-who-pivoted-e-commerce-saw-record-sales-during-n1249499
business,https://www.nbcnews.com/business/autos/nikola-gm-reach-scaled-back-deal-pulls-plug-badger-pickup-n1249360
business,https://www.nbcnews.com/business/business-news/under-armour-launches-brand-nba-star-steph-curry-rival-nike-n1249361
business,https://www.nbcnews.com/news/world/uber-made-big-promises-kenya-drivers-say-it-s-ruined-n1247964
business,https://www.nbcnews.com/business/business-news/checkmate-chess-business-suddenly-booming-n1249134
business,https://www.nbcnews.com/tech/security/black-friday-cyber-monday-scams-how-stay-safe-shop-online-n1249128
business,https://www.nbcnews.com/business/business-news/turkey-takeout-2020-way-celebrate-thanksgiving-n1248957
business,https://www.nbcnews.com/business/business-news/holiday-crowds-are-good-business-not-retail-workers-n1248955
business,https://www.nbcnews.com/business/business-news/salesforce-held-talks-buy-slack-deal-could-be-one-biggest-n1249008
business,https://www.nbcnews.com/business/business-news/elon-musk-leapfrogs-over-bill-gates-become-second-richest-man-n1248791
business,https://www.nbcnews.com/business/markets/dow-hits-30-000-start-transition-biden-prospect-yellen-treasury-n1247399
business,https://www.nbcnews.com/business/consumer/which-major-retail-companies-have-filed-bankruptcy-coronavirus-pandemic-hit-n1207866
sports,https://profootballtalk.nbcsports.com/2020/12/06/xavien-howard-tyler-boyd-ejected-for-throwing-punches/
sports,https://profootballtalk.nbcsports.com/2020/12/06/saints-take-14-9-lead-into-halftime/
sports,https://profootballtalk.nbcsports.com/2020/12/06/mike-glennon-jaguars-lead-vikings-9-6-at-halftime/
sports,https://irish.nbcsports.com/2020/12/06/things-we-learned-heading-into-the-acc-title-notre-dame-finds-a-sense-of-normalcy-for-a-2020-first/
sports,https://nhl.nbcsports.com/2020/12/05/connor-hellebuyck-forwards-give-winnipeg-jets-hope-but-defense-is-still-concern/
sports,https://nascar.nbcsports.com/2020/12/05/nascar-tracks-community-events-december-2020/
sports,https://onherturf.nbcsports.com/2020/12/04/sam-mewis-rose-lavelle-back-in-action-as-wsl-season-resumes/
sports,https://profootballtalk.nbcsports.com/2020/12/06/raiders-grab-17-13-lead-before-halftime/
sports,https://profootballtalk.nbcsports.com/2020/12/06/mike-glennon-jaguars-lead-vikings-9-6-at-halftime/
sports,https://olympics.nbcsports.com/2020/12/06/valencia-marathon-results-world-record/
sports,https://olympics.nbcsports.com/2020/12/06/alpine-skiing-world-cup-schedule-santa-caterina/
entertainment,https://www.nbcnews.com/news/us-news/snl-portrays-giuliani-s-election-testimony-hot-air-n1250125
entertainment,https://www.nbcnews.com/think/opinion/spotify-2020-wrapped-trite-humblebrag-maybe-it-s-least-bad-ncna1250148
entertainment,https://www.nbcnews.com/think/opinion/nomadland-tender-unflinching-look-people-america-dream-has-failed-ncna1250027
entertainment,https://www.nbcnews.com/business/business-news/warner-bros-will-simultaneously-release-2021-movies-hbo-max-theaters-n1249896
entertainment,https://www.nbcnews.com/news/latino/netflix-s-selena-series-celebrates-her-rise-stardom-mexican-american-n1249895
entertainment,https://www.nbcnews.com/think/opinion/netflix-s-big-mouth-season-4-makes-past-queer-missteps-ncna1250065
entertainment,https://www.nbcnews.com/pop-culture/pop-culture-news/netflix-rejects-calls-add-disclaimer-crown-n1250155
entertainment,https://www.nbcnews.com/news/world/family-children-s-author-roald-dahl-quietly-apologize-prejudiced-anti-n1250138
entertainment,https://www.nbcnews.com/news/latino/black-eyed-peas-new-album-features-latino-artists-shakira-j-n1250052
entertainment,https://www.nbcnews.com/feature/nbc-out/director-queer-classic-i-m-cheerleader-wanted-make-gay-clueless-n1250032
entertainment,https://www.nbcnews.com/news/latino/j-balvin-talks-beyonce-bieber-he-would-collaborate-next-n1250019
entertainment,https://www.nbcnews.com/pop-culture/pop-culture-news/actor-david-lander-squiggy-laverne-shirley-dies-73-n1250118
medical,https://news.yahoo.com/hhs-secretary-worried-behaviors-amid-141728039.html
medical,https://www.yahoo.com/news/side-effects-covid-19-vaccine-110035061.html
medical,https://www.yahoo.com/news/pfizer-seeks-emergency-approval-covid-031911049.html
medical,https://www.yahoo.com/news/2021-bring-promising-vaccines-darkest-080452798.html
medical,https://www.yahoo.com/news/vaccination-rates-rural-america-tell-110100685.html
medical,https://www.yahoo.com/lifestyle/un-health-chief-world-start-221354531.html
medical,https://www.yahoo.com/news/higher-blood-sugar-tied-covid-233615328.html
medical,https://www.yahoo.com/news/australian-state-eases-restrictions-covid-013127175.html
medical,https://www.yahoo.com/news/gene-editing-treatment-shows-promise-173056886.html
medical,https://www.yahoo.com/lifestyle/four-things-stay-healthy-sane-221517512.html
medical,https://www.foxnews.com/health/injury-signals-domestic-violence-victims
medical,https://www.foxnews.com/health/coronavirus-present-us-earlier-than-initially-thought-study
medical,https://www.foxnews.com/health/baby-spinach-recalled-salmonella-concerns
medical,https://www.foxnews.com/health/who-encouraged-oxford-astrazeneca-vaccine-data
medical,https://www.foxnews.com/health/supplement-recall-unapproved-possibly-unsafe-additive
medical,https://www.foxnews.com/health/cdc-director-schools-among-safest-places-kids
medical,https://www.foxnews.com/health/congo-declares-end-11th-ebola-outbreak
medical,https://www.foxnews.com/health/gonorrhea-infections-increasing-michigan-officials
medical,https://www.foxnews.com/health/ticks-humans-dogs-climate-change
medical,https://www.foxnews.com/health/study-finds-highly-effective-drug-preventing-hiv-among-women-who
medical,https://www.foxnews.com/health/cdc-investigates-e-coli-outbreak-potentially-linked-lettuce
medical,https://www.foxnews.com/health/coronavirus-face-mask-hurdle-sensory-issues
medical,https://www.foxnews.com/health/melatonin-eyed-possible-coronavirus-treatment-study-suggests
medical,https://www.foxnews.com/health/fda-authorizes-device-to-relieve-ptsd-related-nightmares
medical,https://www.foxnews.com/health/redfield-oks-coronavirus-vaccine-plan-cdc
medical,https://www.foxnews.com/health/coronavirus-exposure-notification-modest-impact-amid-pandemic
medical,https://www.foxnews.com/health/cdc-universal-mask-use-indoors-coronavirus-surge
medical,https://www.foxnews.com/health/moderna-coronavirus-vaccine-immunity-3-months
medical,https://www.foxnews.com/health/coronavirus-quarantine-duration-shortened-cdc
medical,https://abcnews.go.com/Health/wireStory/12m-doses-china-made-covid-vaccine-arrive-indonesia-74569936
medical,https://abcnews.go.com/Health/wireStory/california-enter-sweeping-virus-lockdown-74565131
medical,https://abcnews.go.com/Health/wireStory/report-finds-microwave-energy-made-us-diplomats-ill-74564011
medical,https://abcnews.go.com/Health/data-shows-people-moderna-vaccine-antibodies-months/story?id=74529058
medical,https://abcnews.go.com/Health/researchers-hunt-clues-blood-discover-covid-19-vaccines/story?id=74531301
medical,https://abcnews.go.com/Health/wireStory/overtaxed-idaho-health-facilities-brink-rationing-care-74557109
medical,https://abcnews.go.com/Health/wireStory/health-officials-warn-americans-guard-74570680
medical,https://abcnews.go.com/Health/wireStory/pakistan-virus-patients-die-oxygen-supply-ran-74567491
medical,https://abcnews.go.com/Health/wireStory/ethiopias-conflict-stokes-humanitarian-virus-crisis-74566683
medical,https://abcnews.go.com/Health/wireStory/latest-indias-daily-cases-50000-month-74555088
medical,https://abcnews.go.com/Health/wireStory/gene-editing-treatment-shows-promise-sickle-cell-disease-74558189
medical,https://abcnews.go.com/Health/wireStory/er-visits-long-waits-climb-kids-mental-health-74555275
medical,https://abcnews.go.com/Health/wireStory/states-submit-vaccine-orders-coronavirus-death-toll-grows-74544381
medical,https://abcnews.go.com/Health/navajo-nation-hospitals-breaking-point/story?id=74540272
medical,https://www.bmj.com/content/371/bmj.m4701
medical,https://www.bmj.com/content/371/bmj.m4691
medical,https://www.bmj.com/content/371/bmj.m4744
medical,https://www.bmj.com/content/371/bmj.m4746
medical,https://www.bmj.com/content/371/bmj.m4745
medical,https://www.bmj.com/content/371/bmj.m4733
medical,https://www.bmj.com/content/371/bmj.m4470
medical,https://www.bmj.com/content/371/bmj.m4717
medical,https://www.bmj.com/content/371/bmj.m4692
entertainment,https://www.eonline.com/news/1214185/grimes-newest-photo-of-her-and-elon-musk-s-son-will-melt-your-heart?cmpid=enewsarticle&source=taboola&medium=Below%20Front%20Door%20Thumbnails%20v2%20%7C%20Card%209
entertainment,https://www.eonline.com/news/1215700/today-shows-bobbie-thomas-mourns-death-of-husband-michael-marion
entertainment,https://www.eonline.com/news/1215359/we-ranked-all-of-hallmark-channels-2020-christmas-movies-so-far-and-youre-going-to-have-some-feelings
entertainment,https://www.eonline.com/news/1215729/matthew-perry-shares-first-photo-of-his-fiancee-molly-hurwitz-wearing-friends-shirt
entertainment,https://www.eonline.com/news/1152233/are-they-on-top-checking-in-with-the-winners-of-america-s-next-top-model-now
entertainment,https://www.eonline.com/news/1215728/the-weeknd-and-chance-the-rapper-react-to-dionne-warwicks-cheeky-tweets-about-them
entertainment,https://www.eonline.com/news/1215712/gwen-stefani-recreates-her-iconic-just-a-girl-outfit-25-years-later
entertainment,https://www.eonline.com/news/1215694/eminem-makes-surprise-cameo-in-snl-parody-of-stan-music-video-with-pete-davidson
entertainment,https://www.eonline.com/news/1215605/miley-cyrus-reveals-how-hannah-montana-impacted-her-life-good-and-bad